setting,group,method,split,stationary_error,nonstationary_error
1,data_160_10_space,random,"(2, 2, 2)",1.1993311046455202,1.1863509681238575
1,data_160_10_space,random,"(3, 3, 3)",1.1993311046455202,1.1863509681238575
1,data_160_10_space,random,"(4, 4, 4)",1.1993311046455202,1.1863509681238578
1,data_160_10_space,stcomb,"(2, 2, 2)",0.6896394504695652,0.6572951495818574
1,data_160_10_space,stcomb,"(3, 3, 3)",0.016870591,0.01011638
1,data_160_10_space,stcomb,"(4, 4, 4)",0.026382383,0.017464222
1,data_160_10_space,stlcor,"(2, 2, 2)",1.5115656272218074,1.4840510224557033
1,data_160_10_space,stlcor,"(3, 3, 3)",1.646958569246049,1.6116308166195246
1,data_160_10_space,stlcor,"(4, 4, 4)",1.7094429432074183,1.6817469967276952
1,data_160_10_space,stsave,"(2, 2, 2)",0.6666038033553234,0.6311325153022115
1,data_160_10_space,stsave,"(3, 3, 3)",0.034397277,0.020955283
1,data_160_10_space,stsave,"(4, 4, 4)",0.2059560816435288,0.1709130195358099
1,data_160_10_space,stsir,"(2, 2, 2)",0.7233540595065718,0.6924972304706016
1,data_160_10_space,stsir,"(3, 3, 3)",0.021500252,0.013540601
1,data_160_10_space,stsir,"(4, 4, 4)",0.02858538,0.019085413
1,data_160_10_space_time,random,"(2, 2, 2)",1.2085355396117905,1.2017735365924247
1,data_160_10_space_time,random,"(3, 3, 3)",1.2085355396117905,1.2017735365924245
1,data_160_10_space_time,random,"(4, 4, 4)",1.2085355396117905,1.2017735365924247
1,data_160_10_space_time,stcomb,"(2, 2, 2)",0.794235479,0.7781268583547722
1,data_160_10_space_time,stcomb,"(3, 3, 3)",0.017884809,0.012347638
1,data_160_10_space_time,stcomb,"(4, 4, 4)",0.052047439,0.042602921
1,data_160_10_space_time,stlcor,"(2, 2, 2)",1.542543075950065,1.530673952670982
1,data_160_10_space_time,stlcor,"(3, 3, 3)",1.188262103840153,1.1762057839330649
1,data_160_10_space_time,stlcor,"(4, 4, 4)",1.352790486863883,1.3365024812575688
1,data_160_10_space_time,stsave,"(2, 2, 2)",0.7883971385945957,0.7714060700256757
1,data_160_10_space_time,stsave,"(3, 3, 3)",0.04016854,0.030552703
1,data_160_10_space_time,stsave,"(4, 4, 4)",0.3530093002049387,0.3303325082154288
1,data_160_10_space_time,stsir,"(2, 2, 2)",0.7644449433616383,0.7478842248541752
1,data_160_10_space_time,stsir,"(3, 3, 3)",0.023153633,0.016555596
1,data_160_10_space_time,stsir,"(4, 4, 4)",0.048345599,0.038922191
1,data_160_10_time,random,"(2, 2, 2)",1.2006648310206496,1.197864784929442
1,data_160_10_time,random,"(3, 3, 3)",1.2006648310206496,1.197864784929442
1,data_160_10_time,random,"(4, 4, 4)",1.2006648310206496,1.197864784929442
1,data_160_10_time,stcomb,"(2, 2, 2)",0.072662981,0.038762801
1,data_160_10_time,stcomb,"(3, 3, 3)",0.053940703,0.017754609
1,data_160_10_time,stcomb,"(4, 4, 4)",0.066395787,0.029522907
1,data_160_10_time,stlcor,"(2, 2, 2)",0.094188058,0.062096475
1,data_160_10_time,stlcor,"(3, 3, 3)",0.1029874458579826,0.070089776
1,data_160_10_time,stlcor,"(4, 4, 4)",0.080876357,0.044426191
1,data_160_10_time,stsave,"(2, 2, 2)",0.1257281888647759,0.095086134
1,data_160_10_time,stsave,"(3, 3, 3)",0.055796053,0.020328515
1,data_160_10_time,stsave,"(4, 4, 4)",0.1436549908277029,0.1124424318054205
1,data_160_10_time,stsir,"(2, 2, 2)",0.911134484,0.8952800950269606
1,data_160_10_time,stsir,"(3, 3, 3)",0.057261945,0.021224979
1,data_160_10_time,stsir,"(4, 4, 4)",0.093127837,0.057258493
1,data_160_50_space,random,"(2, 2, 2)",1.2061830110476286,1.192259005144276
1,data_160_50_space,random,"(3, 3, 3)",1.2061830110476288,1.192259005144276
1,data_160_50_space,random,"(4, 4, 4)",1.206183011047629,1.192259005144276
1,data_160_50_space,stcomb,"(2, 2, 2)",0.2591193297802973,0.2355405453408051
1,data_160_50_space,stcomb,"(3, 3, 3)",0.002791515,0.001731394
1,data_160_50_space,stcomb,"(4, 4, 4)",0.003450861,0.002255069
1,data_160_50_space,stlcor,"(2, 2, 2)",1.3551793086173178,1.332529830370026
1,data_160_50_space,stlcor,"(3, 3, 3)",1.3677676778733754,1.337716007430849
1,data_160_50_space,stlcor,"(4, 4, 4)",1.5040185243337263,1.4736370585472034
1,data_160_50_space,stsave,"(2, 2, 2)",0.3123144290683496,0.2824021350253174
1,data_160_50_space,stsave,"(3, 3, 3)",0.00338885,0.002054659
1,data_160_50_space,stsave,"(4, 4, 4)",0.007552355,0.005180445
1,data_160_50_space,stsir,"(2, 2, 2)",0.4057401880599958,0.3779003745844231
1,data_160_50_space,stsir,"(3, 3, 3)",0.003766256,0.002410322
1,data_160_50_space,stsir,"(4, 4, 4)",0.00414151,0.002809369
1,data_160_50_space_time,random,"(2, 2, 2)",1.2103057760263711,1.203809160217196
1,data_160_50_space_time,random,"(3, 3, 3)",1.2103057760263711,1.203809160217196
1,data_160_50_space_time,random,"(4, 4, 4)",1.2103057760263711,1.203809160217196
1,data_160_50_space_time,stcomb,"(2, 2, 2)",0.5591598269995978,0.5418564124231422
1,data_160_50_space_time,stcomb,"(3, 3, 3)",0.003006913,0.002062509
1,data_160_50_space_time,stcomb,"(4, 4, 4)",0.004264777,0.003169154
1,data_160_50_space_time,stlcor,"(2, 2, 2)",1.3298324250292517,1.3200177643880997
1,data_160_50_space_time,stlcor,"(3, 3, 3)",0.9650694583670392,0.9665644937686036
1,data_160_50_space_time,stlcor,"(4, 4, 4)",1.009727347380561,1.0085682363686146
1,data_160_50_space_time,stsave,"(2, 2, 2)",0.605760754,0.5882120377730939
1,data_160_50_space_time,stsave,"(3, 3, 3)",0.00405652,0.002851976
1,data_160_50_space_time,stsave,"(4, 4, 4)",0.011351989,0.009464951
1,data_160_50_space_time,stsir,"(2, 2, 2)",0.5964229542985665,0.5783084057259923
1,data_160_50_space_time,stsir,"(3, 3, 3)",0.004514054,0.003321357
1,data_160_50_space_time,stsir,"(4, 4, 4)",0.005369035,0.004130858
1,data_160_50_time,random,"(2, 2, 2)",1.2023720553785324,1.1944993889997615
1,data_160_50_time,random,"(3, 3, 3)",1.2023720553785324,1.1944993889997615
1,data_160_50_time,random,"(4, 4, 4)",1.2023720553785324,1.1944993889997615
1,data_160_50_time,stcomb,"(2, 2, 2)",0.035314384,0.024361645
1,data_160_50_time,stcomb,"(3, 3, 3)",0.012959865,0.003882534
1,data_160_50_time,stcomb,"(4, 4, 4)",0.014873838,0.005591246
1,data_160_50_time,stlcor,"(2, 2, 2)",0.037092431,0.026234399
1,data_160_50_time,stlcor,"(3, 3, 3)",0.015163753,0.005559435
1,data_160_50_time,stlcor,"(4, 4, 4)",0.016214393,0.006429453
1,data_160_50_time,stsave,"(2, 2, 2)",0.041340424,0.029836963
1,data_160_50_time,stsave,"(3, 3, 3)",0.012638826,0.003689165
1,data_160_50_time,stsave,"(4, 4, 4)",0.017063636,0.007605843
1,data_160_50_time,stsir,"(2, 2, 2)",0.9100816257739216,0.8978073862592229
1,data_160_50_time,stsir,"(3, 3, 3)",0.014812605,0.005519079
1,data_160_50_time,stsir,"(4, 4, 4)",0.018481992,0.008884452
1,data_80_10_space,random,"(2, 2, 2)",1.2104370734952707,1.1950277894538686
1,data_80_10_space,random,"(3, 3, 3)",1.2104370734952707,1.1950277894538686
1,data_80_10_space,random,"(4, 4, 4)",1.2104370734952707,1.1950277894538686
1,data_80_10_space,stcomb,"(2, 2, 2)",0.7300962138351639,0.6970319276473427
1,data_80_10_space,stcomb,"(3, 3, 3)",0.041797921,0.025157425
1,data_80_10_space,stcomb,"(4, 4, 4)",0.1266154807894794,0.1026125657687315
1,data_80_10_space,stlcor,"(2, 2, 2)",1.555797743113292,1.5287226914077536
1,data_80_10_space,stlcor,"(3, 3, 3)",1.6831382809969484,1.650915645911165
1,data_80_10_space,stlcor,"(4, 4, 4)",1.7116505810433331,1.6814640134443066
1,data_80_10_space,stsave,"(2, 2, 2)",0.7230638406498204,0.6867326
1,data_80_10_space,stsave,"(3, 3, 3)",0.1559062891224357,0.1113582346438928
1,data_80_10_space,stsave,"(4, 4, 4)",0.5675316566766518,0.5209838469190952
1,data_80_10_space,stsir,"(2, 2, 2)",0.72042718,0.6864742217073199
1,data_80_10_space,stsir,"(3, 3, 3)",0.051840505,0.03259736
1,data_80_10_space,stsir,"(4, 4, 4)",0.088805812,0.064892298
1,data_80_10_space_time,random,"(2, 2, 2)",1.196012019714371,1.1908584406570115
1,data_80_10_space_time,random,"(3, 3, 3)",1.1960120197143715,1.1908584406570115
1,data_80_10_space_time,random,"(4, 4, 4)",1.196012019714371,1.1908584406570115
1,data_80_10_space_time,stcomb,"(2, 2, 2)",0.7920728694333197,0.7755983629779828
1,data_80_10_space_time,stcomb,"(3, 3, 3)",0.048990966,0.034810474
1,data_80_10_space_time,stcomb,"(4, 4, 4)",0.2979454390964587,0.275480539
1,data_80_10_space_time,stlcor,"(2, 2, 2)",1.5174917709621472,1.5082619766672298
1,data_80_10_space_time,stlcor,"(3, 3, 3)",1.2749275771439494,1.2596211128562298
1,data_80_10_space_time,stlcor,"(4, 4, 4)",1.568891272931252,1.5528842596723558
1,data_80_10_space_time,stsave,"(2, 2, 2)",0.7844157312766705,0.7667040565592012
1,data_80_10_space_time,stsave,"(3, 3, 3)",0.2060434465081837,0.1736999777121483
1,data_80_10_space_time,stsave,"(4, 4, 4)",0.6219518553162277,0.5975754918437578
1,data_80_10_space_time,stsir,"(2, 2, 2)",0.7761035863813508,0.7588881197175554
1,data_80_10_space_time,stsir,"(3, 3, 3)",0.059474538,0.043918867
1,data_80_10_space_time,stsir,"(4, 4, 4)",0.1678672793800229,0.1446300939463213
1,data_80_10_time,random,"(2, 2, 2)",1.2143876877436104,1.2116414806379547
1,data_80_10_time,random,"(3, 3, 3)",1.2143876877436104,1.2116414806379547
1,data_80_10_time,random,"(4, 4, 4)",1.2143876877436104,1.2116414806379547
1,data_80_10_time,stcomb,"(2, 2, 2)",0.1506351233369815,0.090487856
1,data_80_10_time,stcomb,"(3, 3, 3)",0.102042772,0.035593956
1,data_80_10_time,stcomb,"(4, 4, 4)",0.1594564610585363,0.096328823
1,data_80_10_time,stlcor,"(2, 2, 2)",0.1652655235318517,0.1105132073137843
1,data_80_10_time,stlcor,"(3, 3, 3)",0.1895086493408911,0.1353467941239333
1,data_80_10_time,stlcor,"(4, 4, 4)",0.1662581205889873,0.1046057148439076
1,data_80_10_time,stsave,"(2, 2, 2)",0.2563033,0.2066541724701245
1,data_80_10_time,stsave,"(3, 3, 3)",0.1362380070962603,0.07272725
1,data_80_10_time,stsave,"(4, 4, 4)",0.4877342975855756,0.4494130958469082
1,data_80_10_time,stsir,"(2, 2, 2)",0.9292818295140184,0.9022736223608072
1,data_80_10_time,stsir,"(3, 3, 3)",0.1085580731491003,0.043187388
1,data_80_10_time,stsir,"(4, 4, 4)",0.1920227089012851,0.1338500054960953
1,data_80_50_space,random,"(2, 2, 2)",1.2070906164501516,1.1928556943078616
1,data_80_50_space,random,"(3, 3, 3)",1.2070906164501518,1.1928556943078616
1,data_80_50_space,random,"(4, 4, 4)",1.2070906164501518,1.1928556943078616
1,data_80_50_space,stcomb,"(2, 2, 2)",0.2958441171444641,0.2695363139446187
1,data_80_50_space,stcomb,"(3, 3, 3)",0.005642043,0.003407563
1,data_80_50_space,stcomb,"(4, 4, 4)",0.007055186,0.00459065
1,data_80_50_space,stlcor,"(2, 2, 2)",1.3485928748697902,1.3237246712789177
1,data_80_50_space,stlcor,"(3, 3, 3)",1.4337411313629147,1.3981180165874445
1,data_80_50_space,stlcor,"(4, 4, 4)",1.4932120706314858,1.462744025406311
1,data_80_50_space,stsave,"(2, 2, 2)",0.3849372329987583,0.3515389912644395
1,data_80_50_space,stsave,"(3, 3, 3)",0.008249515,0.004944183
1,data_80_50_space,stsave,"(4, 4, 4)",0.020506616,0.014205274
1,data_80_50_space,stsir,"(2, 2, 2)",0.4109775953948532,0.3808135392508966
1,data_80_50_space,stsir,"(3, 3, 3)",0.007342814,0.004530951
1,data_80_50_space,stsir,"(4, 4, 4)",0.008225246,0.005508982
1,data_80_50_space_time,random,"(2, 2, 2)",1.185485205255486,1.178681947019667
1,data_80_50_space_time,random,"(3, 3, 3)",1.185485205255486,1.1786819470196668
1,data_80_50_space_time,random,"(4, 4, 4)",1.185485205255486,1.178681947019667
1,data_80_50_space_time,stcomb,"(2, 2, 2)",0.5551925299588194,0.5372343865073846
1,data_80_50_space_time,stcomb,"(3, 3, 3)",0.006365484,0.004311629
1,data_80_50_space_time,stcomb,"(4, 4, 4)",0.009406361,0.006859054
1,data_80_50_space_time,stlcor,"(2, 2, 2)",1.2297997445661455,1.219226565307868
1,data_80_50_space_time,stlcor,"(3, 3, 3)",0.9745815332554072,0.9757044000057112
1,data_80_50_space_time,stlcor,"(4, 4, 4)",1.0541450329472482,1.0490764896787463
1,data_80_50_space_time,stsave,"(2, 2, 2)",0.6090248667136771,0.590571287
1,data_80_50_space_time,stsave,"(3, 3, 3)",0.010083354,0.007237426
1,data_80_50_space_time,stsave,"(4, 4, 4)",0.033154036,0.027732736
1,data_80_50_space_time,stsir,"(2, 2, 2)",0.6010902430406486,0.5826697362644138
1,data_80_50_space_time,stsir,"(3, 3, 3)",0.009325295,0.00675328
1,data_80_50_space_time,stsir,"(4, 4, 4)",0.011257265,0.008514683
1,data_80_50_time,random,"(2, 2, 2)",1.1983245582502058,1.1900546446192644
1,data_80_50_time,random,"(3, 3, 3)",1.1983245582502058,1.1900546446192644
1,data_80_50_time,random,"(4, 4, 4)",1.1983245582502058,1.190054644619264
1,data_80_50_time,stcomb,"(2, 2, 2)",0.066971298,0.047040262
1,data_80_50_time,stcomb,"(3, 3, 3)",0.024968801,0.007725814
1,data_80_50_time,stcomb,"(4, 4, 4)",0.028018624,0.010686179
1,data_80_50_time,stlcor,"(2, 2, 2)",0.068638023,0.049228451
1,data_80_50_time,stlcor,"(3, 3, 3)",0.029803942,0.011307236
1,data_80_50_time,stlcor,"(4, 4, 4)",0.033102655,0.014289302
1,data_80_50_time,stsave,"(2, 2, 2)",0.082290891,0.061329722
1,data_80_50_time,stsave,"(3, 3, 3)",0.024904242,0.007768325
1,data_80_50_time,stsave,"(4, 4, 4)",0.036659227,0.018433339
1,data_80_50_time,stsir,"(2, 2, 2)",0.9083030451695884,0.8930885564260532
1,data_80_50_time,stsir,"(3, 3, 3)",0.028586018,0.01104547
1,data_80_50_time,stsir,"(4, 4, 4)",0.034796405,0.017161153
2,data_160_10_space,random,"(2, 2, 2)",1.1927102796898703,1.1923545208735913
2,data_160_10_space,random,"(3, 3, 3)",1.1927102796898703,1.1923545208735913
2,data_160_10_space,random,"(4, 4, 4)",1.1927102796898703,1.1923545208735913
2,data_160_10_space,stcomb,"(2, 2, 2)",0.5962454558401411,0.5939633693911367
2,data_160_10_space,stcomb,"(3, 3, 3)",0.043319966,0.038465381
2,data_160_10_space,stcomb,"(4, 4, 4)",0.057904239,0.05361866
2,data_160_10_space,stlcor,"(2, 2, 2)",1.2308194333202478,1.2322104763468646
2,data_160_10_space,stlcor,"(3, 3, 3)",1.20120101,1.2011033070716235
2,data_160_10_space,stlcor,"(4, 4, 4)",1.181026157546066,1.1806506665698524
2,data_160_10_space,stsave,"(2, 2, 2)",0.5339447312487002,0.5312240967058395
2,data_160_10_space,stsave,"(3, 3, 3)",0.042597637,0.037666096
2,data_160_10_space,stsave,"(4, 4, 4)",0.05542926,0.051064696
2,data_160_10_space,stsir,"(2, 2, 2)",1.1824185292313607,1.1834274424785234
2,data_160_10_space,stsir,"(3, 3, 3)",1.1868672358264252,1.1874547402310982
2,data_160_10_space,stsir,"(4, 4, 4)",1.2087975921110623,1.2090745165469243
2,data_160_10_space_time,random,"(2, 2, 2)",1.2144219499151665,1.214645158
2,data_160_10_space_time,random,"(3, 3, 3)",1.2144219499151665,1.214645158
2,data_160_10_space_time,random,"(4, 4, 4)",1.2144219499151665,1.214645158
2,data_160_10_space_time,stcomb,"(2, 2, 2)",0.6601127029796843,0.6576527841996658
2,data_160_10_space_time,stcomb,"(3, 3, 3)",0.063718884,0.058307354
2,data_160_10_space_time,stcomb,"(4, 4, 4)",0.087983441,0.083063081
2,data_160_10_space_time,stlcor,"(2, 2, 2)",1.2290258415948174,1.2303489820811169
2,data_160_10_space_time,stlcor,"(3, 3, 3)",1.2016633922417204,1.201705027451165
2,data_160_10_space_time,stlcor,"(4, 4, 4)",1.196675531044592,1.1970238547845375
2,data_160_10_space_time,stsave,"(2, 2, 2)",0.5961583981982467,0.5929689648670493
2,data_160_10_space_time,stsave,"(3, 3, 3)",0.058861274,0.053394316
2,data_160_10_space_time,stsave,"(4, 4, 4)",0.084476208,0.079409337
2,data_160_10_space_time,stsir,"(2, 2, 2)",1.1964121499500653,1.196465412962455
2,data_160_10_space_time,stsir,"(3, 3, 3)",1.2012249868893183,1.2016366190724823
2,data_160_10_space_time,stsir,"(4, 4, 4)",1.2064092658601515,1.2060363693206226
2,data_160_10_time,random,"(2, 2, 2)",1.2083710532979586,1.2085100849196602
2,data_160_10_time,random,"(3, 3, 3)",1.2083710532979586,1.2085100849196602
2,data_160_10_time,random,"(4, 4, 4)",1.2083710532979586,1.2085100849196602
2,data_160_10_time,stcomb,"(2, 2, 2)",0.052617868,0.043705526
2,data_160_10_time,stcomb,"(3, 3, 3)",0.043114165,0.033793145
2,data_160_10_time,stcomb,"(4, 4, 4)",0.064806053,0.056083661
2,data_160_10_time,stlcor,"(2, 2, 2)",1.2110024243323014,1.2105621887709304
2,data_160_10_time,stlcor,"(3, 3, 3)",1.2248581004109889,1.224486191662625
2,data_160_10_time,stlcor,"(4, 4, 4)",1.1982223536563008,1.19796535
2,data_160_10_time,stsave,"(2, 2, 2)",0.051106298,0.042202468
2,data_160_10_time,stsave,"(3, 3, 3)",0.042972047,0.033643099
2,data_160_10_time,stsave,"(4, 4, 4)",0.064159332,0.055411312
2,data_160_10_time,stsir,"(2, 2, 2)",1.2041643678498308,1.2043261331262325
2,data_160_10_time,stsir,"(3, 3, 3)",1.2114089462635311,1.2105606779931382
2,data_160_10_time,stsir,"(4, 4, 4)",1.2211691784993373,1.2215437494525312
2,data_160_50_space,random,"(2, 2, 2)",1.1979160092154957,1.1981518563015965
2,data_160_50_space,random,"(3, 3, 3)",1.197916009215496,1.198151856301596
2,data_160_50_space,random,"(4, 4, 4)",1.197916009215496,1.198151856301596
2,data_160_50_space,stcomb,"(2, 2, 2)",0.3136396101585138,0.3129459048737437
2,data_160_50_space,stcomb,"(3, 3, 3)",0.005040432,0.00409979
2,data_160_50_space,stcomb,"(4, 4, 4)",0.005514063,0.004566472
2,data_160_50_space,stlcor,"(2, 2, 2)",1.2507756850541978,1.2514043794728047
2,data_160_50_space,stlcor,"(3, 3, 3)",1.2179390476817749,1.2178981895696892
2,data_160_50_space,stlcor,"(4, 4, 4)",1.1847756062204264,1.184681133843184
2,data_160_50_space,stsave,"(2, 2, 2)",0.2414373416224594,0.2405638765261414
2,data_160_50_space,stsave,"(3, 3, 3)",0.005038299,0.004096987
2,data_160_50_space,stsave,"(4, 4, 4)",0.005513491,0.004565173
2,data_160_50_space,stsir,"(2, 2, 2)",1.1800215527424234,1.179856440522221
2,data_160_50_space,stsir,"(3, 3, 3)",1.1946381647038424,1.194288654124281
2,data_160_50_space,stsir,"(4, 4, 4)",1.196695255,1.1966085873670185
2,data_160_50_space_time,random,"(2, 2, 2)",1.202482415781598,1.2024456817188558
2,data_160_50_space_time,random,"(3, 3, 3)",1.202482415781598,1.2024456817188558
2,data_160_50_space_time,random,"(4, 4, 4)",1.202482415781598,1.2024456817188558
2,data_160_50_space_time,stcomb,"(2, 2, 2)",0.343019966,0.3422252760963459
2,data_160_50_space_time,stcomb,"(3, 3, 3)",0.007095542,0.006163856
2,data_160_50_space_time,stcomb,"(4, 4, 4)",0.007084654,0.006116694
2,data_160_50_space_time,stlcor,"(2, 2, 2)",1.2534950937500002,1.2537014080943614
2,data_160_50_space_time,stlcor,"(3, 3, 3)",1.2213454314627956,1.221746755810743
2,data_160_50_space_time,stlcor,"(4, 4, 4)",1.1788499385088864,1.1789680341915536
2,data_160_50_space_time,stsave,"(2, 2, 2)",0.2593443295758557,0.2584604544806591
2,data_160_50_space_time,stsave,"(3, 3, 3)",0.00709627,0.006160711
2,data_160_50_space_time,stsave,"(4, 4, 4)",0.007087454,0.006115151
2,data_160_50_space_time,stsir,"(2, 2, 2)",1.1950109881824975,1.1948778352597875
2,data_160_50_space_time,stsir,"(3, 3, 3)",1.1993570971407486,1.1995895299811494
2,data_160_50_space_time,stsir,"(4, 4, 4)",1.1919190157648876,1.192153768576653
2,data_160_50_time,random,"(2, 2, 2)",1.2026527091447323,1.2028300102777454
2,data_160_50_time,random,"(3, 3, 3)",1.2026527091447323,1.2028300102777452
2,data_160_50_time,random,"(4, 4, 4)",1.2026527091447323,1.2028300102777452
2,data_160_50_time,stcomb,"(2, 2, 2)",0.012815861,0.010912617
2,data_160_50_time,stcomb,"(3, 3, 3)",0.007914311,0.005964474
2,data_160_50_time,stcomb,"(4, 4, 4)",0.009295211,0.007289119
2,data_160_50_time,stlcor,"(2, 2, 2)",1.181534427,1.180884947938685
2,data_160_50_time,stlcor,"(3, 3, 3)",1.1789251188211038,1.1787791443472528
2,data_160_50_time,stlcor,"(4, 4, 4)",1.1564354976874045,1.1566462720914488
2,data_160_50_time,stsave,"(2, 2, 2)",0.012817188,0.010912695
2,data_160_50_time,stsave,"(3, 3, 3)",0.00791483,0.005964115
2,data_160_50_time,stsave,"(4, 4, 4)",0.009295137,0.007288077
2,data_160_50_time,stsir,"(2, 2, 2)",1.1992853763938705,1.1992817278169032
2,data_160_50_time,stsir,"(3, 3, 3)",1.2111193201687245,1.2108165639261574
2,data_160_50_time,stsir,"(4, 4, 4)",1.2219621154917704,1.2223099950381484
2,data_80_10_space,random,"(2, 2, 2)",1.202356057702806,1.203196536853663
2,data_80_10_space,random,"(3, 3, 3)",1.202356057702806,1.203196536853663
2,data_80_10_space,random,"(4, 4, 4)",1.202356057702806,1.203196536853663
2,data_80_10_space,stcomb,"(2, 2, 2)",0.6251921913867045,0.620853686
2,data_80_10_space,stcomb,"(3, 3, 3)",0.1649410468021407,0.1565376005289335
2,data_80_10_space,stcomb,"(4, 4, 4)",0.2101471194411712,0.2040189401010394
2,data_80_10_space,stlcor,"(2, 2, 2)",1.232347920035317,1.232915850042663
2,data_80_10_space,stlcor,"(3, 3, 3)",1.186509680716184,1.186677608019304
2,data_80_10_space,stlcor,"(4, 4, 4)",1.1500278614064663,1.1505581163061365
2,data_80_10_space,stsave,"(2, 2, 2)",0.5657433955111496,0.5609796642352979
2,data_80_10_space,stsave,"(3, 3, 3)",0.1314830547089128,0.1225463298348271
2,data_80_10_space,stsave,"(4, 4, 4)",0.1888777701828975,0.1830718370834063
2,data_80_10_space,stsir,"(2, 2, 2)",1.198687999790104,1.198943700287617
2,data_80_10_space,stsir,"(3, 3, 3)",1.1979010804887402,1.1985702184923968
2,data_80_10_space,stsir,"(4, 4, 4)",1.1990291634040464,1.1979948695100031
2,data_80_10_space_time,random,"(2, 2, 2)",1.2076534531806935,1.2076320453775615
2,data_80_10_space_time,random,"(3, 3, 3)",1.2076534531806935,1.2076320453775615
2,data_80_10_space_time,random,"(4, 4, 4)",1.2076534531806935,1.2076320453775615
2,data_80_10_space_time,stcomb,"(2, 2, 2)",0.680367616,0.6756320042309701
2,data_80_10_space_time,stcomb,"(3, 3, 3)",0.2268908470579541,0.2190363088819513
2,data_80_10_space_time,stcomb,"(4, 4, 4)",0.2773972162198383,0.2718341878451155
2,data_80_10_space_time,stlcor,"(2, 2, 2)",1.2117598066363051,1.2122464286151406
2,data_80_10_space_time,stlcor,"(3, 3, 3)",1.1870353818618424,1.187252340634256
2,data_80_10_space_time,stlcor,"(4, 4, 4)",1.1437620636269954,1.1435441086467375
2,data_80_10_space_time,stsave,"(2, 2, 2)",0.6285203168941507,0.6227113127654557
2,data_80_10_space_time,stsave,"(3, 3, 3)",0.1824414355035449,0.1745512621947447
2,data_80_10_space_time,stsave,"(4, 4, 4)",0.2414505656203452,0.2362099235128029
2,data_80_10_space_time,stsir,"(2, 2, 2)",1.184563991,1.1839159461211255
2,data_80_10_space_time,stsir,"(3, 3, 3)",1.202487799346706,1.202075972829931
2,data_80_10_space_time,stsir,"(4, 4, 4)",1.2100410568572133,1.2113157660172218
2,data_80_10_time,random,"(2, 2, 2)",1.197653041934506,1.197421604607509
2,data_80_10_time,random,"(3, 3, 3)",1.197653041934506,1.197421604607509
2,data_80_10_time,random,"(4, 4, 4)",1.197653041934506,1.197421604607509
2,data_80_10_time,stcomb,"(2, 2, 2)",0.1367942087954151,0.1216074934909854
2,data_80_10_time,stcomb,"(3, 3, 3)",0.1153450550434186,0.1001820217724783
2,data_80_10_time,stcomb,"(4, 4, 4)",0.2180444247699903,0.2074635081378967
2,data_80_10_time,stlcor,"(2, 2, 2)",1.1906127842255456,1.188964832538018
2,data_80_10_time,stlcor,"(3, 3, 3)",1.2133708938544283,1.2126536719519567
2,data_80_10_time,stlcor,"(4, 4, 4)",1.187139047889027,1.1870844188896132
2,data_80_10_time,stsave,"(2, 2, 2)",0.1173369120877388,0.1017639112091981
2,data_80_10_time,stsave,"(3, 3, 3)",0.1071020502186576,0.091839292
2,data_80_10_time,stsave,"(4, 4, 4)",0.1999272128029132,0.1890030760178235
2,data_80_10_time,stsir,"(2, 2, 2)",1.1989176095517142,1.1997626480688597
2,data_80_10_time,stsir,"(3, 3, 3)",1.2054122733100117,1.2047013123589252
2,data_80_10_time,stsir,"(4, 4, 4)",1.220226495217568,1.2196729958835557
2,data_80_50_space,random,"(2, 2, 2)",1.2038063609292249,1.2036441399506732
2,data_80_50_space,random,"(3, 3, 3)",1.2038063609292249,1.2036441399506732
2,data_80_50_space,random,"(4, 4, 4)",1.2038063609292249,1.2036441399506732
2,data_80_50_space,stcomb,"(2, 2, 2)",0.3436570830376472,0.3418337975431256
2,data_80_50_space,stcomb,"(3, 3, 3)",0.011460087,0.009533169
2,data_80_50_space,stcomb,"(4, 4, 4)",0.012783876,0.011038048
2,data_80_50_space,stlcor,"(2, 2, 2)",1.2271078958726056,1.2276016966889205
2,data_80_50_space,stlcor,"(3, 3, 3)",1.1758001556735094,1.1759233693086204
2,data_80_50_space,stlcor,"(4, 4, 4)",1.1358528375254928,1.1354192595774766
2,data_80_50_space,stsave,"(2, 2, 2)",0.2730163543983095,0.2709998198566586
2,data_80_50_space,stsave,"(3, 3, 3)",0.011438346,0.009506004
2,data_80_50_space,stsave,"(4, 4, 4)",0.012767055,0.01101023
2,data_80_50_space,stsir,"(2, 2, 2)",1.2028550472609367,1.2028231806512255
2,data_80_50_space,stsir,"(3, 3, 3)",1.1940932946461107,1.193476817123805
2,data_80_50_space,stsir,"(4, 4, 4)",1.2089855937548368,1.2085436217565986
2,data_80_50_space_time,random,"(2, 2, 2)",1.1948728265373976,1.195175251164812
2,data_80_50_space_time,random,"(3, 3, 3)",1.1948728265373976,1.195175251164812
2,data_80_50_space_time,random,"(4, 4, 4)",1.1948728265373976,1.195175251164812
2,data_80_50_space_time,stcomb,"(2, 2, 2)",0.4268151692300186,0.425626335
2,data_80_50_space_time,stcomb,"(3, 3, 3)",0.016367947,0.014325331
2,data_80_50_space_time,stcomb,"(4, 4, 4)",0.017416287,0.015298181
2,data_80_50_space_time,stlcor,"(2, 2, 2)",1.2441735006968675,1.244298074631918
2,data_80_50_space_time,stlcor,"(3, 3, 3)",1.1806848740168474,1.1798458859204262
2,data_80_50_space_time,stlcor,"(4, 4, 4)",1.1303796926683805,1.1300213236750576
2,data_80_50_space_time,stsave,"(2, 2, 2)",0.3431345625091551,0.3418452887239766
2,data_80_50_space_time,stsave,"(3, 3, 3)",0.016357891,0.014296507
2,data_80_50_space_time,stsave,"(4, 4, 4)",0.017398183,0.015275015
2,data_80_50_space_time,stsir,"(2, 2, 2)",1.1901635746792776,1.1901550848766933
2,data_80_50_space_time,stsir,"(3, 3, 3)",1.1894409986814798,1.1893659065707043
2,data_80_50_space_time,stsir,"(4, 4, 4)",1.2016549866047312,1.2011384596647208
2,data_80_50_time,random,"(2, 2, 2)",1.2129969723769114,1.2131655044816017
2,data_80_50_time,random,"(3, 3, 3)",1.2129969723769114,1.2131655044816017
2,data_80_50_time,random,"(4, 4, 4)",1.2129969723769114,1.2131655044816017
2,data_80_50_time,stcomb,"(2, 2, 2)",0.027939835,0.023967406
2,data_80_50_time,stcomb,"(3, 3, 3)",0.017656572,0.013564578
2,data_80_50_time,stcomb,"(4, 4, 4)",0.021229562,0.017115438
2,data_80_50_time,stlcor,"(2, 2, 2)",1.184157055586124,1.1838138131001432
2,data_80_50_time,stlcor,"(3, 3, 3)",1.172019196182972,1.1720781998924426
2,data_80_50_time,stlcor,"(4, 4, 4)",1.1512181622631703,1.150439303621048
2,data_80_50_time,stsave,"(2, 2, 2)",0.027942405,0.023955578
2,data_80_50_time,stsave,"(3, 3, 3)",0.017654653,0.013558306
2,data_80_50_time,stsave,"(4, 4, 4)",0.021227068,0.017110685
2,data_80_50_time,stsir,"(2, 2, 2)",1.2014131403498496,1.2009796310765677
2,data_80_50_time,stsir,"(3, 3, 3)",1.2045232572334212,1.2044997000336417
2,data_80_50_time,stsir,"(4, 4, 4)",1.2111067535372506,1.2107827230389865
3,data_160_10_space,random,"(2, 2, 2)",1.1969530152634542,1.1965641
3,data_160_10_space,random,"(3, 3, 3)",1.1969530152634542,1.1965641
3,data_160_10_space,random,"(4, 4, 4)",1.1969530152634542,1.1965641
3,data_160_10_space,stcomb,"(2, 2, 2)",0.5108176344715954,0.5063947482580974
3,data_160_10_space,stcomb,"(3, 3, 3)",0.092739998,0.084201995
3,data_160_10_space,stcomb,"(4, 4, 4)",0.051228499,0.043449312
3,data_160_10_space,stlcor,"(2, 2, 2)",0.7210497077043828,0.7144992981345157
3,data_160_10_space,stlcor,"(3, 3, 3)",0.2836353093115381,0.2756025798254461
3,data_160_10_space,stlcor,"(4, 4, 4)",0.1698066101919678,0.1612781044342545
3,data_160_10_space,stsave,"(2, 2, 2)",0.6303259998743285,0.6283499324311038
3,data_160_10_space,stsave,"(3, 3, 3)",0.1918766730840876,0.186242752
3,data_160_10_space,stsave,"(4, 4, 4)",0.1401353693496962,0.1358432390246146
3,data_160_10_space,stsir,"(2, 2, 2)",0.7757234721925308,0.7736474711894328
3,data_160_10_space,stsir,"(3, 3, 3)",0.2487167616765373,0.2407788860104846
3,data_160_10_space,stsir,"(4, 4, 4)",0.1038483819786645,0.094734182
3,data_160_10_space_time,random,"(2, 2, 2)",1.2009820114437706,1.2004923160311805
3,data_160_10_space_time,random,"(3, 3, 3)",1.2009820114437706,1.2004923160311805
3,data_160_10_space_time,random,"(4, 4, 4)",1.2009820114437706,1.2004923160311805
3,data_160_10_space_time,stcomb,"(2, 2, 2)",1.1610461375986256,1.159459223259922
3,data_160_10_space_time,stcomb,"(3, 3, 3)",0.6734409555805175,0.6691825584244837
3,data_160_10_space_time,stcomb,"(4, 4, 4)",0.091786208,0.085481466
3,data_160_10_space_time,stlcor,"(2, 2, 2)",0.7762425550771666,0.7713139590708336
3,data_160_10_space_time,stlcor,"(3, 3, 3)",0.2564189508309089,0.2494309974414358
3,data_160_10_space_time,stlcor,"(4, 4, 4)",0.1570542476323196,0.1489862090961048
3,data_160_10_space_time,stsave,"(2, 2, 2)",1.155290344423207,1.155528292632993
3,data_160_10_space_time,stsave,"(3, 3, 3)",0.8589203529671088,0.8563953155677126
3,data_160_10_space_time,stsave,"(4, 4, 4)",0.2586389374011492,0.255286839
3,data_160_10_space_time,stsir,"(2, 2, 2)",1.4172647038535071,1.4161481959405628
3,data_160_10_space_time,stsir,"(3, 3, 3)",1.0834654974282991,1.0814092070070676
3,data_160_10_space_time,stsir,"(4, 4, 4)",0.1935645773968702,0.1866997470140753
3,data_160_10_time,random,"(2, 2, 2)",1.207149928560823,1.2062940109459102
3,data_160_10_time,random,"(3, 3, 3)",1.207149928560823,1.206294011
3,data_160_10_time,random,"(4, 4, 4)",1.207149928560823,1.2062940109459102
3,data_160_10_time,stcomb,"(2, 2, 2)",0.2117852441969887,0.2043333910293631
3,data_160_10_time,stcomb,"(3, 3, 3)",0.049293076,0.041232294
3,data_160_10_time,stcomb,"(4, 4, 4)",0.034622437,0.026522296
3,data_160_10_time,stlcor,"(2, 2, 2)",0.5164890169586152,0.5076169600664225
3,data_160_10_time,stlcor,"(3, 3, 3)",0.2316809884057993,0.2215803654784542
3,data_160_10_time,stlcor,"(4, 4, 4)",0.1554089983424219,0.1469644014021932
3,data_160_10_time,stsave,"(2, 2, 2)",0.3905952238950974,0.3844633486647802
3,data_160_10_time,stsave,"(3, 3, 3)",0.1216163971385858,0.1146396290327477
3,data_160_10_time,stsave,"(4, 4, 4)",0.091021617,0.084832143
3,data_160_10_time,stsir,"(2, 2, 2)",0.541953117,0.5383402048812965
3,data_160_10_time,stsir,"(3, 3, 3)",0.1250220811013518,0.118525835
3,data_160_10_time,stsir,"(4, 4, 4)",0.064492641,0.056000379
3,data_160_50_space,random,"(2, 2, 2)",1.1919672979806697,1.1919856759427332
3,data_160_50_space,random,"(3, 3, 3)",1.1919672979806697,1.1919856759427332
3,data_160_50_space,random,"(4, 4, 4)",1.1919672979806697,1.191985675942733
3,data_160_50_space,stcomb,"(2, 2, 2)",0.4317074263475748,0.4295751265734693
3,data_160_50_space,stcomb,"(3, 3, 3)",0.05429463,0.052037971
3,data_160_50_space,stcomb,"(4, 4, 4)",0.02741024,0.025509553
3,data_160_50_space,stlcor,"(2, 2, 2)",0.6634421628817126,0.6611344024707714
3,data_160_50_space,stlcor,"(3, 3, 3)",0.088554033,0.086247547
3,data_160_50_space,stlcor,"(4, 4, 4)",0.040066121,0.037991016
3,data_160_50_space,stsave,"(2, 2, 2)",0.5943516467087802,0.5932431707670512
3,data_160_50_space,stsave,"(3, 3, 3)",0.1358192395055803,0.1343433473982474
3,data_160_50_space,stsave,"(4, 4, 4)",0.072243055,0.070881368
3,data_160_50_space,stsir,"(2, 2, 2)",0.7939506225357866,0.7933151628745324
3,data_160_50_space,stsir,"(3, 3, 3)",0.2831162149472234,0.2810398383102023
3,data_160_50_space,stsir,"(4, 4, 4)",0.1312465021308197,0.1289682117642666
3,data_160_50_space_time,random,"(2, 2, 2)",1.1971045497810713,1.197318964124394
3,data_160_50_space_time,random,"(3, 3, 3)",1.1971045497810713,1.197318964124394
3,data_160_50_space_time,random,"(4, 4, 4)",1.1971045497810713,1.197318964124394
3,data_160_50_space_time,stcomb,"(2, 2, 2)",0.9118571826833224,0.9108347841986228
3,data_160_50_space_time,stcomb,"(3, 3, 3)",0.1293474251752459,0.1275037101746059
3,data_160_50_space_time,stcomb,"(4, 4, 4)",0.0366802,0.034800238
3,data_160_50_space_time,stlcor,"(2, 2, 2)",0.6995414767261598,0.6978530350742226
3,data_160_50_space_time,stlcor,"(3, 3, 3)",0.087184808,0.084920439
3,data_160_50_space_time,stlcor,"(4, 4, 4)",0.039148265,0.037082822
3,data_160_50_space_time,stsave,"(2, 2, 2)",1.0292190045110543,1.0286635759444271
3,data_160_50_space_time,stsave,"(3, 3, 3)",0.7536485507381365,0.7531372409375301
3,data_160_50_space_time,stsave,"(4, 4, 4)",0.1273814057933241,0.1260168775549586
3,data_160_50_space_time,stsir,"(2, 2, 2)",1.398172082651527,1.3981920630085385
3,data_160_50_space_time,stsir,"(3, 3, 3)",1.0841612917301715,1.0834507314669022
3,data_160_50_space_time,stsir,"(4, 4, 4)",0.2915538014977804,0.2900810399442246
3,data_160_50_time,random,"(2, 2, 2)",1.2077468552788873,1.2079402321269042
3,data_160_50_time,random,"(3, 3, 3)",1.2077468552788873,1.207940232126904
3,data_160_50_time,random,"(4, 4, 4)",1.2077468552788873,1.207940232126904
3,data_160_50_time,stcomb,"(2, 2, 2)",0.1655560327679234,0.1631516975059092
3,data_160_50_time,stcomb,"(3, 3, 3)",0.032982651,0.030769723
3,data_160_50_time,stcomb,"(4, 4, 4)",0.01978483,0.017579462
3,data_160_50_time,stlcor,"(2, 2, 2)",0.3306542134663692,0.3267738389977197
3,data_160_50_time,stlcor,"(3, 3, 3)",0.061467231,0.058275241
3,data_160_50_time,stlcor,"(4, 4, 4)",0.033406161,0.030947931
3,data_160_50_time,stsave,"(2, 2, 2)",0.3718765816862327,0.3699947853072055
3,data_160_50_time,stsave,"(3, 3, 3)",0.089260508,0.087489996
3,data_160_50_time,stsave,"(4, 4, 4)",0.048711857,0.046905717
3,data_160_50_time,stsir,"(2, 2, 2)",0.5684099565839837,0.5673852689107346
3,data_160_50_time,stsir,"(3, 3, 3)",0.1664639934783866,0.1650561412153303
3,data_160_50_time,stsir,"(4, 4, 4)",0.085829777,0.083910221
3,data_80_10_space,random,"(2, 2, 2)",1.2035302014572933,1.2034376351084772
3,data_80_10_space,random,"(3, 3, 3)",1.2035302014572933,1.2034376351084772
3,data_80_10_space,random,"(4, 4, 4)",1.203530201457293,1.203437635108477
3,data_80_10_space,stcomb,"(2, 2, 2)",0.6645695628131761,0.656425761
3,data_80_10_space,stcomb,"(3, 3, 3)",0.2165133964795023,0.2035069896814067
3,data_80_10_space,stcomb,"(4, 4, 4)",0.1887180175788872,0.1764301029008406
3,data_80_10_space,stlcor,"(2, 2, 2)",0.7040989098027063,0.6945263188423364
3,data_80_10_space,stlcor,"(3, 3, 3)",0.4007680610773175,0.389693636
3,data_80_10_space,stlcor,"(4, 4, 4)",0.4448059592303537,0.4353853207850704
3,data_80_10_space,stsave,"(2, 2, 2)",0.7846767211408128,0.7805157780602187
3,data_80_10_space,stsave,"(3, 3, 3)",0.3862025604082029,0.3793852062684419
3,data_80_10_space,stsave,"(4, 4, 4)",0.4482579806893962,0.445315547
3,data_80_10_space,stsir,"(2, 2, 2)",0.8940428505321509,0.8914695133455516
3,data_80_10_space,stsir,"(3, 3, 3)",0.4540088670189008,0.4429983325507703
3,data_80_10_space,stsir,"(4, 4, 4)",0.3106668371536422,0.2955331901076719
3,data_80_10_space_time,random,"(2, 2, 2)",1.208981251013773,1.209570178880898
3,data_80_10_space_time,random,"(3, 3, 3)",1.208981251013773,1.209570178880898
3,data_80_10_space_time,random,"(4, 4, 4)",1.2089812510137732,1.209570178880898
3,data_80_10_space_time,stcomb,"(2, 2, 2)",1.2651821985941392,1.2619789660351797
3,data_80_10_space_time,stcomb,"(3, 3, 3)",0.861941012,0.8549546230849334
3,data_80_10_space_time,stcomb,"(4, 4, 4)",0.3735720813818551,0.3659654412851005
3,data_80_10_space_time,stlcor,"(2, 2, 2)",0.7237128025122254,0.7155984490987221
3,data_80_10_space_time,stlcor,"(3, 3, 3)",0.3516973943507389,0.3411215521996165
3,data_80_10_space_time,stlcor,"(4, 4, 4)",0.3890641711306187,0.3804062294032527
3,data_80_10_space_time,stsave,"(2, 2, 2)",1.2906939743343746,1.2892200744989013
3,data_80_10_space_time,stsave,"(3, 3, 3)",0.9962298749447112,0.9928398850443018
3,data_80_10_space_time,stsave,"(4, 4, 4)",0.6339898343667585,0.6329940525230472
3,data_80_10_space_time,stsir,"(2, 2, 2)",1.590550786203283,1.5882569924404384
3,data_80_10_space_time,stsir,"(3, 3, 3)",1.1939881283529583,1.1906797051711018
3,data_80_10_space_time,stsir,"(4, 4, 4)",0.6012559075792394,0.59447213
3,data_80_10_time,random,"(2, 2, 2)",1.2026054698016038,1.2031640784325313
3,data_80_10_time,random,"(3, 3, 3)",1.2026054698016038,1.2031640784325313
3,data_80_10_time,random,"(4, 4, 4)",1.2026054698016038,1.2031640784325313
3,data_80_10_time,stcomb,"(2, 2, 2)",0.3281513916193196,0.3142515457315408
3,data_80_10_time,stcomb,"(3, 3, 3)",0.1242562672115477,0.10744475
3,data_80_10_time,stcomb,"(4, 4, 4)",0.1039345475992787,0.086766463
3,data_80_10_time,stlcor,"(2, 2, 2)",0.4877269683775665,0.4722061950402842
3,data_80_10_time,stlcor,"(3, 3, 3)",0.3554953335781134,0.339626905
3,data_80_10_time,stlcor,"(4, 4, 4)",0.4117705786150626,0.3991975734744283
3,data_80_10_time,stsave,"(2, 2, 2)",0.5187449152558116,0.509949893
3,data_80_10_time,stsave,"(3, 3, 3)",0.2668692402037315,0.2547182574702682
3,data_80_10_time,stsave,"(4, 4, 4)",0.2974042961505188,0.2864426980131648
3,data_80_10_time,stsir,"(2, 2, 2)",0.689133362,0.6839104522533253
3,data_80_10_time,stsir,"(3, 3, 3)",0.3257475910089416,0.317877612
3,data_80_10_time,stsir,"(4, 4, 4)",0.2152282628748798,0.2014271417805546
3,data_80_50_space,random,"(2, 2, 2)",1.1859227651983004,1.185981110143309
3,data_80_50_space,random,"(3, 3, 3)",1.1859227651983004,1.185981110143309
3,data_80_50_space,random,"(4, 4, 4)",1.1859227651983004,1.185981110143309
3,data_80_50_space,stcomb,"(2, 2, 2)",0.6044355075104928,0.6018789175505436
3,data_80_50_space,stcomb,"(3, 3, 3)",0.1259621075149836,0.1220781332285492
3,data_80_50_space,stcomb,"(4, 4, 4)",0.084096092,0.079980165
3,data_80_50_space,stlcor,"(2, 2, 2)",0.5878140549024272,0.5841843641515654
3,data_80_50_space,stlcor,"(3, 3, 3)",0.1498156446722447,0.1455328786743989
3,data_80_50_space,stlcor,"(4, 4, 4)",0.1092593857664142,0.1048827110648251
3,data_80_50_space,stsave,"(2, 2, 2)",0.7720815677770845,0.7707857590508317
3,data_80_50_space,stsave,"(3, 3, 3)",0.2996634921828038,0.2975551255984512
3,data_80_50_space,stsave,"(4, 4, 4)",0.246175127,0.2435921323119318
3,data_80_50_space,stsir,"(2, 2, 2)",0.908827528,0.9087184569027624
3,data_80_50_space,stsir,"(3, 3, 3)",0.5289850020397087,0.52709761
3,data_80_50_space,stsir,"(4, 4, 4)",0.4096847946647932,0.4063919672490539
3,data_80_50_space_time,random,"(2, 2, 2)",1.200538514,1.2003431452429514
3,data_80_50_space_time,random,"(3, 3, 3)",1.200538514,1.2003431452429514
3,data_80_50_space_time,random,"(4, 4, 4)",1.200538514,1.2003431452429514
3,data_80_50_space_time,stcomb,"(2, 2, 2)",1.001727257584864,1.000007638695769
3,data_80_50_space_time,stcomb,"(3, 3, 3)",0.27782,0.2744587802853666
3,data_80_50_space_time,stcomb,"(4, 4, 4)",0.1482202770027532,0.1449534
3,data_80_50_space_time,stlcor,"(2, 2, 2)",0.6237674785106122,0.620287716
3,data_80_50_space_time,stlcor,"(3, 3, 3)",0.1389025956527322,0.1348547415757628
3,data_80_50_space_time,stlcor,"(4, 4, 4)",0.1032736990328782,0.099551135
3,data_80_50_space_time,stsave,"(2, 2, 2)",1.1893429548403245,1.189594656
3,data_80_50_space_time,stsave,"(3, 3, 3)",0.9325217605768288,0.9315844941394176
3,data_80_50_space_time,stsave,"(4, 4, 4)",0.4580580737429766,0.4568811210623383
3,data_80_50_space_time,stsir,"(2, 2, 2)",1.5611802629408909,1.5607856244095986
3,data_80_50_space_time,stsir,"(3, 3, 3)",1.2068504043090609,1.205936712996775
3,data_80_50_space_time,stsir,"(4, 4, 4)",0.7787724708601047,0.7780595784211569
3,data_80_50_time,random,"(2, 2, 2)",1.1999586639951845,1.2004149800422064
3,data_80_50_time,random,"(3, 3, 3)",1.1999586639951847,1.2004149800422064
3,data_80_50_time,random,"(4, 4, 4)",1.1999586639951845,1.2004149800422064
3,data_80_50_time,stcomb,"(2, 2, 2)",0.2285322191326964,0.223679871
3,data_80_50_time,stcomb,"(3, 3, 3)",0.071408872,0.066326999
3,data_80_50_time,stcomb,"(4, 4, 4)",0.050707314,0.045990817
3,data_80_50_time,stlcor,"(2, 2, 2)",0.2894093206245355,0.2834244903165885
3,data_80_50_time,stlcor,"(3, 3, 3)",0.1012799579051104,0.095246987
3,data_80_50_time,stlcor,"(4, 4, 4)",0.082492079,0.077082155
3,data_80_50_time,stsave,"(2, 2, 2)",0.4736020878540308,0.4706874135890047
3,data_80_50_time,stsave,"(3, 3, 3)",0.2110232371146516,0.2075469231782425
3,data_80_50_time,stsave,"(4, 4, 4)",0.1462287419749346,0.1426239466598255
3,data_80_50_time,stsir,"(2, 2, 2)",0.7201237595021543,0.7197977100425005
3,data_80_50_time,stsir,"(3, 3, 3)",0.4289943534412189,0.4274109571166349
3,data_80_50_time,stsir,"(4, 4, 4)",0.3173601457862263,0.3151006346866311
4,data_160_10_space,random,"(2, 2, 2)",1.210114395,1.210380519190358
4,data_160_10_space,random,"(3, 3, 3)",1.210114395,1.2103805191903585
4,data_160_10_space,random,"(4, 4, 4)",1.210114395,1.210380519190358
4,data_160_10_space,stcomb,"(2, 2, 2)",0.4090311321787372,0.40579549
4,data_160_10_space,stcomb,"(3, 3, 3)",0.036226192,0.030782101
4,data_160_10_space,stcomb,"(4, 4, 4)",0.036974341,0.031191254
4,data_160_10_space,stlcor,"(2, 2, 2)",1.285612874611512,1.286764332745005
4,data_160_10_space,stlcor,"(3, 3, 3)",0.9882551626769016,0.9887082259606428
4,data_160_10_space,stlcor,"(4, 4, 4)",1.0320339182873637,1.0308147196792068
4,data_160_10_space,stsave,"(2, 2, 2)",0.5026452974486944,0.5003826016811008
4,data_160_10_space,stsave,"(3, 3, 3)",0.099679041,0.095260439
4,data_160_10_space,stsave,"(4, 4, 4)",0.1275333743208261,0.1240473771781695
4,data_160_10_space,stsir,"(2, 2, 2)",0.4669282564892195,0.4641760106589884
4,data_160_10_space,stsir,"(3, 3, 3)",0.078743835,0.07335103
4,data_160_10_space,stsir,"(4, 4, 4)",0.058759814,0.052188411
4,data_160_10_space_time,random,"(2, 2, 2)",1.2102964235913385,1.2100271338772928
4,data_160_10_space_time,random,"(3, 3, 3)",1.2102964235913385,1.2100271338772928
4,data_160_10_space_time,random,"(4, 4, 4)",1.2102964235913385,1.2100271338772928
4,data_160_10_space_time,stcomb,"(2, 2, 2)",0.8500982849362763,0.8487554208448846
4,data_160_10_space_time,stcomb,"(3, 3, 3)",0.8823140824878011,0.8805835929740556
4,data_160_10_space_time,stcomb,"(4, 4, 4)",0.1118623147866869,0.1065751551118481
4,data_160_10_space_time,stlcor,"(2, 2, 2)",1.3401879381592638,1.3420073101202137
4,data_160_10_space_time,stlcor,"(3, 3, 3)",0.4294951618503391,0.4225386754694303
4,data_160_10_space_time,stlcor,"(4, 4, 4)",1.0262626807781272,1.0262877769063286
4,data_160_10_space_time,stsave,"(2, 2, 2)",0.8379244208255497,0.837035661
4,data_160_10_space_time,stsave,"(3, 3, 3)",0.8802067184319821,0.8791299806121322
4,data_160_10_space_time,stsave,"(4, 4, 4)",0.3749195976519631,0.3726919561391049
4,data_160_10_space_time,stsir,"(2, 2, 2)",0.8063991177120484,0.8049854882383548
4,data_160_10_space_time,stsir,"(3, 3, 3)",1.006877677946726,1.0051005232924686
4,data_160_10_space_time,stsir,"(4, 4, 4)",0.1522917098441367,0.1466203182387756
4,data_160_10_time,random,"(2, 2, 2)",1.195530392757001,1.1953678144973292
4,data_160_10_time,random,"(3, 3, 3)",1.1955303927570005,1.1953678144973292
4,data_160_10_time,random,"(4, 4, 4)",1.1955303927570002,1.1953678144973292
4,data_160_10_time,stcomb,"(2, 2, 2)",0.080129885,0.060858144
4,data_160_10_time,stcomb,"(3, 3, 3)",0.044706999,0.023672609
4,data_160_10_time,stcomb,"(4, 4, 4)",0.035303791,0.013742178
4,data_160_10_time,stlcor,"(2, 2, 2)",0.3383646450121565,0.3195313300784484
4,data_160_10_time,stlcor,"(3, 3, 3)",0.1401026868169516,0.1183877429524891
4,data_160_10_time,stlcor,"(4, 4, 4)",0.1040825618407565,0.081872051
4,data_160_10_time,stsave,"(2, 2, 2)",0.2461298581687012,0.2284789402398875
4,data_160_10_time,stsave,"(3, 3, 3)",0.085803434,0.065836856
4,data_160_10_time,stsave,"(4, 4, 4)",0.066197204,0.045623663
4,data_160_10_time,stsir,"(2, 2, 2)",0.09925989,0.081698006
4,data_160_10_time,stsir,"(3, 3, 3)",0.06008303,0.041500261
4,data_160_10_time,stsir,"(4, 4, 4)",0.041729019,0.020974897
4,data_160_50_space,random,"(2, 2, 2)",1.2025075823031224,1.202043741986574
4,data_160_50_space,random,"(3, 3, 3)",1.2025075823031224,1.202043741986574
4,data_160_50_space,random,"(4, 4, 4)",1.2025075823031224,1.2020437419865737
4,data_160_50_space,stcomb,"(2, 2, 2)",0.3805830086015268,0.3798738726411306
4,data_160_50_space,stcomb,"(3, 3, 3)",0.020197725,0.018949274
4,data_160_50_space,stcomb,"(4, 4, 4)",0.022692388,0.021386518
4,data_160_50_space,stlcor,"(2, 2, 2)",1.3076748133523095,1.3082569358390497
4,data_160_50_space,stlcor,"(3, 3, 3)",0.8697760720452088,0.8695097562079954
4,data_160_50_space,stlcor,"(4, 4, 4)",1.0085607172796394,1.0085560430477911
4,data_160_50_space,stsave,"(2, 2, 2)",0.4524376766380754,0.4519583360468426
4,data_160_50_space,stsave,"(3, 3, 3)",0.076236565,0.075287226
4,data_160_50_space,stsave,"(4, 4, 4)",0.066468059,0.065540684
4,data_160_50_space,stsir,"(2, 2, 2)",0.4706395569642198,0.4701371231117385
4,data_160_50_space,stsir,"(3, 3, 3)",0.09073843,0.089441489
4,data_160_50_space,stsir,"(4, 4, 4)",0.073577101,0.0722453
4,data_160_50_space_time,random,"(2, 2, 2)",1.187754340623439,1.1878758573035535
4,data_160_50_space_time,random,"(3, 3, 3)",1.187754340623439,1.1878758573035535
4,data_160_50_space_time,random,"(4, 4, 4)",1.1877543406234392,1.1878758573035535
4,data_160_50_space_time,stcomb,"(2, 2, 2)",0.743541715,0.7430946435318203
4,data_160_50_space_time,stcomb,"(3, 3, 3)",0.230047608,0.2290335931093688
4,data_160_50_space_time,stcomb,"(4, 4, 4)",0.04432592,0.042951593
4,data_160_50_space_time,stlcor,"(2, 2, 2)",1.3442912598975472,1.3448506432358442
4,data_160_50_space_time,stlcor,"(3, 3, 3)",0.032865354,0.031523878
4,data_160_50_space_time,stlcor,"(4, 4, 4)",1.0075778978639296,1.0075245030374027
4,data_160_50_space_time,stsave,"(2, 2, 2)",0.7277711076582688,0.727390887
4,data_160_50_space_time,stsave,"(3, 3, 3)",0.8224487171624304,0.8221823423175155
4,data_160_50_space_time,stsave,"(4, 4, 4)",0.2011595406081579,0.2004202350384394
4,data_160_50_space_time,stsir,"(2, 2, 2)",0.7602805162148235,0.7600384204838663
4,data_160_50_space_time,stsir,"(3, 3, 3)",1.0015696459907726,1.001149475295518
4,data_160_50_space_time,stsir,"(4, 4, 4)",0.2191862514521048,0.2176586100510272
4,data_160_50_time,random,"(2, 2, 2)",1.2026600376641503,1.202539564163352
4,data_160_50_time,random,"(3, 3, 3)",1.2026600376641503,1.202539564163352
4,data_160_50_time,random,"(4, 4, 4)",1.2026600376641503,1.202539564163352
4,data_160_50_time,stcomb,"(2, 2, 2)",0.053138719,0.048540576
4,data_160_50_time,stcomb,"(3, 3, 3)",0.020060931,0.01532069
4,data_160_50_time,stcomb,"(4, 4, 4)",0.013915798,0.009137324
4,data_160_50_time,stlcor,"(2, 2, 2)",0.1615267915194742,0.1561810181805162
4,data_160_50_time,stlcor,"(3, 3, 3)",0.035917288,0.030511751
4,data_160_50_time,stlcor,"(4, 4, 4)",0.022018908,0.016866338
4,data_160_50_time,stsave,"(2, 2, 2)",0.2011206077360607,0.196916786
4,data_160_50_time,stsave,"(3, 3, 3)",0.055726574,0.051223326
4,data_160_50_time,stsave,"(4, 4, 4)",0.031209586,0.026583231
4,data_160_50_time,stsir,"(2, 2, 2)",0.091955306,0.088340594
4,data_160_50_time,stsir,"(3, 3, 3)",0.044931866,0.041020639
4,data_160_50_time,stsir,"(4, 4, 4)",0.030270421,0.025898832
4,data_80_10_space,random,"(2, 2, 2)",1.192910815904042,1.1925615203678734
4,data_80_10_space,random,"(3, 3, 3)",1.192910815904042,1.1925615203678734
4,data_80_10_space,random,"(4, 4, 4)",1.192910815904042,1.1925615203678734
4,data_80_10_space,stcomb,"(2, 2, 2)",0.5654952941011023,0.5613228598385906
4,data_80_10_space,stcomb,"(3, 3, 3)",0.080711869,0.071509835
4,data_80_10_space,stcomb,"(4, 4, 4)",0.1627093915853533,0.1534115410584106
4,data_80_10_space,stlcor,"(2, 2, 2)",1.2619293088413988,1.263248671826591
4,data_80_10_space,stlcor,"(3, 3, 3)",1.0050827832993363,1.0037694311785357
4,data_80_10_space,stlcor,"(4, 4, 4)",1.1201631285749518,1.1185580651871725
4,data_80_10_space,stsave,"(2, 2, 2)",0.6170658729995503,0.6132275628358359
4,data_80_10_space,stsave,"(3, 3, 3)",0.2506919256303482,0.2454657294180213
4,data_80_10_space,stsave,"(4, 4, 4)",0.39110369,0.3870561504396737
4,data_80_10_space,stsir,"(2, 2, 2)",0.5864117580059612,0.5834787472290379
4,data_80_10_space,stsir,"(3, 3, 3)",0.1642216120411742,0.1551560056978717
4,data_80_10_space,stsir,"(4, 4, 4)",0.201880949,0.1908537727521006
4,data_80_10_space_time,random,"(2, 2, 2)",1.202635442480252,1.203349505663656
4,data_80_10_space_time,random,"(3, 3, 3)",1.202635442480252,1.203349505663656
4,data_80_10_space_time,random,"(4, 4, 4)",1.202635442480252,1.203349505663656
4,data_80_10_space_time,stcomb,"(2, 2, 2)",0.9041804895435462,0.9017165767749632
4,data_80_10_space_time,stcomb,"(3, 3, 3)",0.9533009368299692,0.9489323607777208
4,data_80_10_space_time,stcomb,"(4, 4, 4)",0.4755434331064999,0.4693820404280527
4,data_80_10_space_time,stlcor,"(2, 2, 2)",1.2898741495378356,1.2930061790408751
4,data_80_10_space_time,stlcor,"(3, 3, 3)",0.6352305167520705,0.6294989176181023
4,data_80_10_space_time,stlcor,"(4, 4, 4)",1.0920824833058838,1.091905379264072
4,data_80_10_space_time,stsave,"(2, 2, 2)",0.8882704296765565,0.8851492751849525
4,data_80_10_space_time,stsave,"(3, 3, 3)",0.9624457537615448,0.9597924222229932
4,data_80_10_space_time,stsave,"(4, 4, 4)",0.6911063488678856,0.6884119118804118
4,data_80_10_space_time,stsir,"(2, 2, 2)",0.8885142177199868,0.8870079316459385
4,data_80_10_space_time,stsir,"(3, 3, 3)",1.0152390234859463,1.0114618966694764
4,data_80_10_space_time,stsir,"(4, 4, 4)",0.4961823648311889,0.4894357574000189
4,data_80_10_time,random,"(2, 2, 2)",1.1949578324918175,1.1935574786919545
4,data_80_10_time,random,"(3, 3, 3)",1.1949578324918178,1.1935574786919545
4,data_80_10_time,random,"(4, 4, 4)",1.1949578324918178,1.193557478691954
4,data_80_10_time,stcomb,"(2, 2, 2)",0.1533420968723109,0.1184258942737167
4,data_80_10_time,stcomb,"(3, 3, 3)",0.096347843,0.059059115
4,data_80_10_time,stcomb,"(4, 4, 4)",0.082724194,0.043964321
4,data_80_10_time,stlcor,"(2, 2, 2)",0.3245910341684215,0.2921756614597101
4,data_80_10_time,stlcor,"(3, 3, 3)",0.2200573954255512,0.1834086240873734
4,data_80_10_time,stlcor,"(4, 4, 4)",0.2808280033727262,0.2481136856341156
4,data_80_10_time,stsave,"(2, 2, 2)",0.3538379752837964,0.3237258672299161
4,data_80_10_time,stsave,"(3, 3, 3)",0.2086888505589896,0.175343381
4,data_80_10_time,stsave,"(4, 4, 4)",0.2218870403562608,0.1900969946932754
4,data_80_10_time,stsir,"(2, 2, 2)",0.1758548072648197,0.1467106982206931
4,data_80_10_time,stsir,"(3, 3, 3)",0.152982494,0.1235158700297557
4,data_80_10_time,stsir,"(4, 4, 4)",0.1043908648537939,0.06756025
4,data_80_50_space,random,"(2, 2, 2)",1.2017122210025175,1.2024253311827524
4,data_80_50_space,random,"(3, 3, 3)",1.2017122210025173,1.2024253311827524
4,data_80_50_space,random,"(4, 4, 4)",1.2017122210025173,1.2024253311827524
4,data_80_50_space,stcomb,"(2, 2, 2)",0.5094175234428302,0.5084571392462198
4,data_80_50_space,stcomb,"(3, 3, 3)",0.03860843,0.036350936
4,data_80_50_space,stcomb,"(4, 4, 4)",0.080835579,0.078617758
4,data_80_50_space,stlcor,"(2, 2, 2)",1.222575823782569,1.2227949526330146
4,data_80_50_space,stlcor,"(3, 3, 3)",0.9128860216198976,0.9126617200602296
4,data_80_50_space,stlcor,"(4, 4, 4)",1.0361398745660797,1.035394801
4,data_80_50_space,stsave,"(2, 2, 2)",0.5660208056160805,0.5653872475016315
4,data_80_50_space,stsave,"(3, 3, 3)",0.1685299444010558,0.1669526624684279
4,data_80_50_space,stsave,"(4, 4, 4)",0.2253602563932202,0.2240334812707556
4,data_80_50_space,stsir,"(2, 2, 2)",0.5941665253602242,0.5935578730399715
4,data_80_50_space,stsir,"(3, 3, 3)",0.1888218324831422,0.1868187051387325
4,data_80_50_space,stsir,"(4, 4, 4)",0.2569848996094662,0.2551822044147868
4,data_80_50_space_time,random,"(2, 2, 2)",1.204003944488952,1.2045816229327693
4,data_80_50_space_time,random,"(3, 3, 3)",1.204003944488952,1.2045816229327693
4,data_80_50_space_time,random,"(4, 4, 4)",1.204003944488952,1.2045816229327693
4,data_80_50_space_time,stcomb,"(2, 2, 2)",0.8309182725692448,0.830589167
4,data_80_50_space_time,stcomb,"(3, 3, 3)",0.4591518230580632,0.4576197168397301
4,data_80_50_space_time,stcomb,"(4, 4, 4)",0.2653722807531126,0.2632996855662694
4,data_80_50_space_time,stlcor,"(2, 2, 2)",1.2317866861597218,1.2324625990005498
4,data_80_50_space_time,stlcor,"(3, 3, 3)",0.052915196,0.050210161
4,data_80_50_space_time,stlcor,"(4, 4, 4)",1.0350774743980389,1.034584295244922
4,data_80_50_space_time,stsave,"(2, 2, 2)",0.8124570352831306,0.8118722083504657
4,data_80_50_space_time,stsave,"(3, 3, 3)",0.909870758,0.9093726568341584
4,data_80_50_space_time,stsave,"(4, 4, 4)",0.5533261513851006,0.5519807236327247
4,data_80_50_space_time,stsir,"(2, 2, 2)",0.8594896197195223,0.8594462549097205
4,data_80_50_space_time,stsir,"(3, 3, 3)",1.0028831605678137,1.0021384750771647
4,data_80_50_space_time,stsir,"(4, 4, 4)",0.6348169782407731,0.6338085228792809
4,data_80_50_time,random,"(2, 2, 2)",1.2031922178658574,1.2031055662413974
4,data_80_50_time,random,"(3, 3, 3)",1.2031922178658574,1.2031055662413974
4,data_80_50_time,random,"(4, 4, 4)",1.2031922178658576,1.2031055662413974
4,data_80_50_time,stcomb,"(2, 2, 2)",0.092254674,0.083301644
4,data_80_50_time,stcomb,"(3, 3, 3)",0.04133805,0.03181016
4,data_80_50_time,stcomb,"(4, 4, 4)",0.034391502,0.024773407
4,data_80_50_time,stlcor,"(2, 2, 2)",0.1354656633057197,0.1256374044006293
4,data_80_50_time,stlcor,"(3, 3, 3)",0.0581129,0.047650982
4,data_80_50_time,stlcor,"(4, 4, 4)",0.052266034,0.042001743
4,data_80_50_time,stsave,"(2, 2, 2)",0.2855420050699482,0.2780980126964762
4,data_80_50_time,stsave,"(3, 3, 3)",0.1356288660350578,0.1268538338442656
4,data_80_50_time,stsave,"(4, 4, 4)",0.1004023169425976,0.091731281
4,data_80_50_time,stsir,"(2, 2, 2)",0.1580264429645301,0.1511238424484511
4,data_80_50_time,stsir,"(3, 3, 3)",0.1452426237959075,0.1386495394098115
4,data_80_50_time,stsir,"(4, 4, 4)",0.1129502002871766,0.1045634656770295
